{
  "menu": {
  		   "welcome_text": "👋Приветствуем!\n Бог рандома поможет провести Вам розыгрыш на канале.\nГотовы создать новый розыгрыш?",
  		   "menu_buttons": ["Создать конкурс 🎁", "Мои конкурсы 🎉", "Change language 🇬🇧", "Поддержка ⁉️", "Пригласить друзей 👥"],
  		   "invite": "Поделитесь ботом с друзьями, отправив им юзернейм бота\n @RandomGodBot",
  		   "support": "t.me/FeedbackRandomGodBot"
  		  },
  "draw": {
  		   
  		   "back_in_menu": "Назад в главное меню ↩️",
  		   "back": "Назад ↩️",
  		   "draw_buttons": ["Изменить время начала ⏳", "Изменить время окончания ⌛️", "Количество победителей 🏆", "Изменить описание 📑", "Изменить фото/gif 🖼", "Проверить подписку ✅", "Опубликовать 🎲", "Назад в главное меню ↩️"],

  		   "chanel_id":"Введите юзернейм канала, в котором будет опубликован розыгрыш в формате @username. Вы должны быть администратором этого канала и добавить в администраторы бота.\n Если канал приватный, то необходимо отправить id этого канала, чтобы узнать id приватного канала, перешлите любой пост из этого канала специальному боту @getmyid_bot, нижняя строка-ответ от бота и будет являться id Вашего приватного канала. Перешлите этот id боту",
  		   "chanel_id_check": "Введите юзернейм канала для проверки в формате @username.\n Если канал приватный, то необходимо отправить id этого канала, чтобы узнать id приватного канала, перешлите любой пост из этого канала специальному боту @getmyid_bot, нижняя строка-ответ от бота и будет являться id Вашего приватного канала. Перешлите этот id боту.\n Укажите ссылку на этот канал в описании, чтобы участники розыгрыша знали на какие каналы нужно подписаться, чтобы участвовать в нем",
  		   "not_admin":"Для того, чтобы разместить пост о розыгрыше, Вы должны быть администратором данного канала. Пришлите username от лица администратора",
  		   "not_in_chanel":"Бот не является администратором данного канала. Добавьте бота в администраторы и отправьте @username ещё раз",
  		   
  		   "draw_text":"Введите описание розыгрыша.\n Совет: опишите что Вы разыгрываете, сколько будет победителей и что каждый из них выиграет, на какие каналы необходимо подписаться участникам, и укажите дату и время окончания розыгрыша.\n Вы можете использовать html разметку:\n 1)Жирный текст - <b>Ваш текст</b>\n 2)Курсив - <i>Ваш текст</i>\n 3)Гиперссылка на канал - <a href='Ваша ссылка на канал'>Ваш текст</a>.\n Ссылка должна быть в формате: https://t.me/channel",
  		   "file":"Отправьте картинку или гифку (опционально, если не нужно, отправьте любое другое сообщение)",
  		   
  		   "winers_count":"Введите количество победителей",
  		   "not_int": "Это не число",

  		   "post_time":"Введите дату и время начала розыгрыша в формате: (год-месяц-день часы:минуты), например 2020-10-25 21:05",
  		   "end_time":"Введите дату и время окончания розыгрыша в формате: (год-месяц-день часы:минуты), например 2020-10-31 22:50",
  		   "over_time": "Это время уже вышло, введите время которое будет больше текущего момента",
  		   "invalid_format_time": "Не верный формат времени, введите время в формате: (год-месяц-день часы:минуты), например 2020-08-26 21:41",
  		   "post_biger": "Время постинга больше, ведите время в формате: (год-месяц-день часы:минуты), например 2020-08-26 21:41",

  		   "get_on":"Участвовать",

  		   "change_text": "Что вам необходимо изменить в конкурсе?",
  		   "chanel/chat": "Канал/чат:",
  		   "text": "Описание:",
  		   "count_text":"Количество победителей:",
  		   "post_time_text":"Время начала розыгрыша:",
  		   "over_time_text":"Время окончания розыгрыша:",

  		   "submit_text":"Розыгрыш создан и будет опубликован на канале в указанное время",


  		   "play":"Участвовать!",
  		   "not_subscribe": "@RandomGodBot: Вы не подписались на все каналы, внимательно прочтите условия розыгрыша и подпишитесь на все необходимые каналы, чтобы участвовать",
  		   "already_in":"@RandomGodBot: Вы уже приняли участие",
  		   "got_on":"@RandomGodBot: Поздравляю, вы приняли участие в конкурсе!",

  		   "winers":"Конкурс завершен.\n Победители:",
  		   "no_winers":"Победителей нет!",

  		   "failed_post": "Не удалось отправить розыгрыш, т.к канал был удален",
  		   "your_draw_over": "Ваш розыгрыш закончен"
  		  },

  "my_draw":{
  			 "no_draw": "Активных розыгрышей нет",
  			 "last":"Последний",
  			 "first":"Первый",
  			 "your_draw":"Ваш розыгрыш:",
  			 "chanel/chat": "Канал/чат:",
  		   	 "text": "Описание:",
  		   	 "count_text":"Количество победителей:",
  		   	 "post_time_text":"Время начала розыгрыша:",
  		   	 "over_time_text":"Время окончания розыгрыша:",

  		   	 "next":"Вперед",
  		   	 "back":"Назад"

  			}
